hour,count,ratio_percent,voltage_mae,max_loading_percent_mean,vmin_mean
0,0,0.0,nan,nan,nan
1,0,0.0,nan,nan,nan
2,69,3.8333333333333335,0.003274383954703808,150.19715881347656,0.9414008259773254
3,0,0.0,nan,nan,nan
4,0,0.0,nan,nan,nan
5,0,0.0,nan,nan,nan
6,0,0.0,nan,nan,nan
7,0,0.0,nan,nan,nan
8,0,0.0,nan,nan,nan
9,54,3.0,0.0019215488573536277,159.63079833984375,0.9432885050773621
10,195,10.833333333333334,0.0010738554410636425,110.68265533447266,0.9515252709388733
11,382,21.22222222222222,0.0010235297959297895,86.5705337524414,0.9720640182495117
12,370,20.555555555555557,0.0015151065308600664,88.02447509765625,0.9696940779685974
13,340,18.88888888888889,0.0015775474021211267,92.11603546142578,0.9637640714645386
14,113,6.277777777777778,0.0014085390139371157,125.82207489013672,0.9502900838851929
15,93,5.166666666666667,0.0009238349739462137,134.65643310546875,0.9454991221427917
16,63,3.5,0.0011968330945819616,138.755859375,0.936915397644043
17,53,2.9444444444444446,0.0013552384916692972,165.85069274902344,0.9412421584129333
18,0,0.0,nan,nan,nan
19,0,0.0,nan,nan,nan
20,68,3.7777777777777777,0.0008820220828056335,153.8156280517578,0.9507974982261658
21,0,0.0,nan,nan,nan
22,0,0.0,nan,nan,nan
23,0,0.0,nan,nan,nan
